0,okaduki
1,SriLankan
2,Hoi_koro
3,ak464tnok
4,ducktail
5,phykmqqq
6,autotaker
7,yoshiyuki
8,a143753
9,deka0106
10,lrmystp
11,nmjiri
12,hsanno
13,aimy
14,you070707
15,amanuko
16,takoeight0821
17,eliza0x
18,mick0321
19,torus711
20,y4imfdy2
21,hillpeople
22,asfksjda
23,g2_xpf
24,yasuyuky
25,Naoki_M_
26,matonix
27,lodnix
28,tomabou
29,hiro13
30,Yukiyoshi
31,Gash788
32,diax
33,lvs7k
34,rds
35,hi_watana
36,fellp1
37,phi16
38,kiripon
39,tmochizuki
40,ykarako
41,david
42,fromT
43,Lithium
44,kuretchi
45,neetsdkasu
46,hamukichi
47,okwrtdsh
48,sifi_border
49,atctk
50,moriiforfun
51,rqy
52,cojna
53,matatabity
54,kantohm11
55,kimiyuki
56,b1464296
57,iyou1993
58,pochiMasahiro
59,jasy
60,stczhc
61,refle
62,skeletont
63,REDRUM
64,ishiy1993
65,ria10
66,pekempey
67,proton06
68,d_nishiyama
69,d_nishiyama_hs
70,u15R
71,Rjo
72,mvgk
73,yamate11
74,Axer
75,kehukef
76,LiEat_D
77,cyan
78,sinapusu2002
79,kotatsugame
80,tjnt
81,tzskp1
82,Poly
83,tomoyat1
84,masakih
85,yuchiki
86,muctera
87,sato
88,ayimorih
89,stmtk
90,taya
91,macho_uno
92,tomaru5963
93,okkey
94,C01L
95,shimaenaga
96,usagisan
97,kazurego7
98,the2830
99,lakiryt
100,Iruyan_Zak
101,HBit
102,otakuto
103,yebis7
104,utopian
105,mtmtznd
106,Rubrum
107,sgsh
108,yuseki
109,minddnim
110,systemd_tinaxd
111,nozox
112,sei40kr
113,Touubs
114,makkkki
115,pb10004
116,U82GfQ
117,hanyutrans
118,gksato
119,sntea
120,kgtkr
121,cunitac
122,tackmosch
123,cashitsuki
124,cohey
125,Yoshimura
126,nophey
127,komorin95
128,threeStars
129,wataru86
130,joetheshootingst
131,hxydn
132,MasWag
133,keserasera_77
134,kyoso
135,teruuu
136,wbcchsyn
137,tanishi14
138,nitumeta339
139,khirhas
140,ppphas
141,southernx0604
142,volcaos
143,showzaemon
144,ugnom1121
145,n4o847
146,inouetakehiro
147,vvv
148,nork
149,Misteer
150,maro
151,kesnke
152,flow_6852
153,h2929
154,keck
155,lnsf
156,waddlaw
157,A_kirisaki
158,nagisberry
159,mod_poppo
160,pxfnc
161,h4afs
162,kappahouse
163,ptolemy
164,petit_sophia
165,kotet
166,etoilevi
167,lotz84_
168,avm
169,myuon
170,tsukimizake
171,MillCheck
172,Trineutron
173,malic
174,firstforest
175,saya0436
176,hnw
177,emak
178,nepiadeath
179,frenzieddoll
180,l1m80
181,spiral
182,iwataka
183,kimotu
184,kita127
185,kabochacha
186,Metarin
187,Thomas_gandhi
188,ghbjy6
189,ikngtty
190,Nishikapa
191,maguchi
192,fumieval
193,RyuichiSasaki
194,binom
195,itchyny
196,cutsea110
197,plavelo
198,honokani
199,Div9851
200,biljazovic
201,jbyxm
202,holliy
203,naghoro
204,tonyu0
205,HigherTopoi
206,detsu
207,natchan
208,kng__
209,pel
210,tana
211,unnohideyuki
212,mitsunoir
213,RheoTommy
214,HKMakao
215,disktnk11
216,TOSUKUi
217,karoyakani
218,antw
219,cocococoa
220,ehlfin
221,strarr
222,nganhkhoa
223,Lily0727K
224,rngb
225,kb10uy
226,h1guch
227,LCM
228,kazuho
229,nflita
230,yuya178
231,Arakur
232,bombra108
233,shtnsh2501
234,sterashima
235,stibear
236,boxnya
237,shun2047
238,HyNe
239,aycs
240,jeck
241,nyashiki
242,iggg_noob
243,ksd777
244,sunakaka
245,zaichu_boc
246,warlockmw
247,ringoh72
248,pipopa
249,waaadaaap
250,Halksel
251,sktnkysh
252,kmtoki
253,ponpon05
254,clock_void
255,sp4x
256,pogin503
257,tobias
258,ak3333
259,xelmeph
260,tamamu
261,sako0384
262,yutasth
263,oshiumi
264,prololo
265,cedretaber
266,monariz
267,fujiy
268,iroc
269,V2dexmon
270,ntakuya
271,H0tSauce
272,yantene
273,u58a8
274,vjudge5
275,paperlefthand
276,shiatsumat
277,Gear
278,hinode_n
279,de1tad0g
280,cogas
281,yharuhi39
282,SE2710rip009
283,iwashisnake
284,derbuihan
285,goryudyuma
286,hebiyan
287,lightyagami1
288,hatovalley
289,pokuwagata
290,marek094
291,kunio_Yb
292,ssugano
293,hsjoihs
294,tokyoamado
295,ryokubu2718
296,kimura1995
297,dosydon
298,makss
299,winjii
300,tts225
301,goldarn_ring
302,asagi0909
303,n_hinode
304,K_Zhide
305,lmdexpr
306,wawktk2525
307,jyomu
308,ibara1454
309,namakemono
310,hinode_nakamura
311,mizuwan
312,akht
313,paruma184
314,tkkssk
315,banboooo044
316,faogr
317,poyodr
318,syanidar
319,nobutoka
320,akouryy
321,Crew
322,toromai
323,qisnotnq
324,tea1013
325,penpenpen
326,mitubaEX
327,harusan
328,alumina_8
329,YachiWataru
330,venusb
331,pod
332,purewhite
333,ha1ya9te2
334,linguini
335,Nazo9x
336,NiCd
337,wfujishima
338,moriwm77
339,tsurutan
340,hiro15055491
341,drumatech
342,alphya
343,TMJN
344,mitsuchi
345,yakituka
346,nnsnico
347,taku_
348,kino___ma
349,a_muraka
350,Harunari
351,htyt
352,Lightbells
353,gemmaro
354,zettsut
355,somq14
356,pandrei
357,wint
358,f2lk6wf90d
359,kory271
360,hogeyama
361,saikyouyaki
362,haske11
363,saikyouyakist
364,autumn_eel
365,masaomi
366,awyaki
367,satoshi
368,ukiy
369,maton
370,fufu
371,ゆで卵
372,amusan
373,Tosainu
374,Haar
375,Leonardone
376,はむ吉
377,keizo
378,syrupbeans
379,Sly
380,ynomura
381,Aruneko
382,spica314
383,macaroon
384,kinodjnz
385,miya
386,seagull_kamome
387,pogin
388,つねとき
389,t-yng
390,Angelworm_
391,あくしろよ
392,lucciola
393,Roadagain
394,nes_in_it
395,jwvg0425
396,nmmlitswe
397,seiyab
398,ajuraee
399,B_B_QUEENS
400,enoyo
401,mitsu_meow
402,tomoBrosK
403,divkakwani
404,jxlkurary
405,naodroid
406,falke727
407,snlia
408,nogikuchikbys
409,ygorshenin
410,chitose
411,determinism
412,mayumini
413,niuez
414,REDITY
415,CRHG
416,vjudge3
417,quadmist
418,きゅん
419,堀江伸一
420,sumi
421,くれちー
422,twilight
423,結月ゆかり
424,CoiL
425,rareone0602
426,n2
427,010_h_noson
428,mbrc
429,tos
430,kshitij
431,mute1997
432,uenoku
433,kakkun61
434,yuki7023
435,openrice
436,yudedako
437,danielfleischman
438,ruhanhabib39
439,coorde
440,niyaton
441,ururu76
442,selpo
443,mori5321
444,CleyL
445,Ariui19
446,ashtefan
447,serine
448,fengsuiyan
449,xawery
